runId,time,S,E,I1,I2,G1,G2,R,interventionStartTime,enableOnlineIntervention,enableOfflineIntervention,kOffline,kOnline,pRewire,initialOnlineSeeds,initialOfflineSeeds,seedId
T30_ontrue_offtrue_seed16_kon6_koff4_rewire0p1_or35p0_fr5p0_gOn0p05_gOff0p15_1781240357985,0.0,1000,0,0,0,0,0,0,30.0,true,true,4,6,0.1,10,10,16
T30_ontrue_offtrue_seed16_kon6_koff4_rewire0p1_or35p0_fr5p0_gOn0p05_gOff0p15_1781240357985,1.0,937,43,10,10,0,0,0,30.0,true,true,4,6,0.1,10,10,16
T30_ontrue_offtrue_seed16_kon6_koff4_rewire0p1_or35p0_fr5p0_gOn0p05_gOff0p15_1781240357985,2.0,935,25,26,14,0,0,0,30.0,true,true,4,6,0.1,10,10,16
T30_ontrue_offtrue_seed16_kon6_koff4_rewire0p1_or35p0_fr5p0_gOn0p05_gOff0p15_1781240357985,3.0,899,43,37,21,0,0,0,30.0,true,true,4,6,0.1,10,10,16
T30_ontrue_offtrue_seed16_kon6_koff4_rewire0p1_or35p0_fr5p0_gOn0p05_gOff0p15_1781240357985,4.0,879,42,50,29,0,0,0,30.0,true,true,4,6,0.1,10,10,16
T30_ontrue_offtrue_seed16_kon6_koff4_rewire0p1_or35p0_fr5p0_gOn0p05_gOff0p15_1781240357985,5.0,850,40,70,39,0,0,1,30.0,true,true,4,6,0.1,10,10,16
T30_ontrue_offtrue_seed16_kon6_koff4_rewire0p1_or35p0_fr5p0_gOn0p05_gOff0p15_1781240357985,6.0,814,53,87,43,0,0,3,30.0,true,true,4,6,0.1,10,10,16
T30_ontrue_offtrue_seed16_kon6_koff4_rewire0p1_or35p0_fr5p0_gOn0p05_gOff0p15_1781240357985,7.0,788,49,102,56,0,0,5,30.0,true,true,4,6,0.1,10,10,16
T30_ontrue_offtrue_seed16_kon6_koff4_rewire0p1_or35p0_fr5p0_gOn0p05_gOff0p15_1781240357985,8.0,754,42,130,66,0,0,8,30.0,true,true,4,6,0.1,10,10,16
T30_ontrue_offtrue_seed16_kon6_koff4_rewire0p1_or35p0_fr5p0_gOn0p05_gOff0p15_1781240357985,9.0,700,74,148,71,0,0,7,30.0,true,true,4,6,0.1,10,10,16
T30_ontrue_offtrue_seed16_kon6_koff4_rewire0p1_or35p0_fr5p0_gOn0p05_gOff0p15_1781240357985,10.0,666,73,172,80,0,0,9,30.0,true,true,4,6,0.1,10,10,16
T30_ontrue_offtrue_seed16_kon6_koff4_rewire0p1_or35p0_fr5p0_gOn0p05_gOff0p15_1781240357985,11.0,621,71,208,90,0,0,10,30.0,true,true,4,6,0.1,10,10,16
T30_ontrue_offtrue_seed16_kon6_koff4_rewire0p1_or35p0_fr5p0_gOn0p05_gOff0p15_1781240357985,12.0,559,93,237,101,0,0,10,30.0,true,true,4,6,0.1,10,10,16
T30_ontrue_offtrue_seed16_kon6_koff4_rewire0p1_or35p0_fr5p0_gOn0p05_gOff0p15_1781240357985,13.0,494,106,275,113,0,0,12,30.0,true,true,4,6,0.1,10,10,16
T30_ontrue_offtrue_seed16_kon6_koff4_rewire0p1_or35p0_fr5p0_gOn0p05_gOff0p15_1781240357985,14.0,437,101,323,122,0,0,17,30.0,true,true,4,6,0.1,10,10,16
T30_ontrue_offtrue_seed16_kon6_koff4_rewire0p1_or35p0_fr5p0_gOn0p05_gOff0p15_1781240357985,15.0,377,105,364,135,0,0,19,30.0,true,true,4,6,0.1,10,10,16
T30_ontrue_offtrue_seed16_kon6_koff4_rewire0p1_or35p0_fr5p0_gOn0p05_gOff0p15_1781240357985,16.0,336,78,409,153,0,0,24,30.0,true,true,4,6,0.1,10,10,16
T30_ontrue_offtrue_seed16_kon6_koff4_rewire0p1_or35p0_fr5p0_gOn0p05_gOff0p15_1781240357985,17.0,281,87,432,173,0,0,27,30.0,true,true,4,6,0.1,10,10,16
T30_ontrue_offtrue_seed16_kon6_koff4_rewire0p1_or35p0_fr5p0_gOn0p05_gOff0p15_1781240357985,18.0,253,61,470,185,0,0,31,30.0,true,true,4,6,0.1,10,10,16
T30_ontrue_offtrue_seed16_kon6_koff4_rewire0p1_or35p0_fr5p0_gOn0p05_gOff0p15_1781240357985,19.0,211,63,499,195,0,0,32,30.0,true,true,4,6,0.1,10,10,16
T30_ontrue_offtrue_seed16_kon6_koff4_rewire0p1_or35p0_fr5p0_gOn0p05_gOff0p15_1781240357985,20.0,175,56,531,202,0,0,36,30.0,true,true,4,6,0.1,10,10,16
T30_ontrue_offtrue_seed16_kon6_koff4_rewire0p1_or35p0_fr5p0_gOn0p05_gOff0p15_1781240357985,21.0,141,56,551,209,0,0,43,30.0,true,true,4,6,0.1,10,10,16
T30_ontrue_offtrue_seed16_kon6_koff4_rewire0p1_or35p0_fr5p0_gOn0p05_gOff0p15_1781240357985,22.0,109,55,572,217,0,0,47,30.0,true,true,4,6,0.1,10,10,16
T30_ontrue_offtrue_seed16_kon6_koff4_rewire0p1_or35p0_fr5p0_gOn0p05_gOff0p15_1781240357985,23.0,88,42,594,222,0,0,54,30.0,true,true,4,6,0.1,10,10,16
T30_ontrue_offtrue_seed16_kon6_koff4_rewire0p1_or35p0_fr5p0_gOn0p05_gOff0p15_1781240357985,24.0,67,35,604,231,0,0,63,30.0,true,true,4,6,0.1,10,10,16
T30_ontrue_offtrue_seed16_kon6_koff4_rewire0p1_or35p0_fr5p0_gOn0p05_gOff0p15_1781240357985,25.0,52,32,614,235,0,0,67,30.0,true,true,4,6,0.1,10,10,16
T30_ontrue_offtrue_seed16_kon6_koff4_rewire0p1_or35p0_fr5p0_gOn0p05_gOff0p15_1781240357985,26.0,41,21,623,245,0,0,70,30.0,true,true,4,6,0.1,10,10,16
T30_ontrue_offtrue_seed16_kon6_koff4_rewire0p1_or35p0_fr5p0_gOn0p05_gOff0p15_1781240357985,27.0,27,21,625,245,0,0,82,30.0,true,true,4,6,0.1,10,10,16
T30_ontrue_offtrue_seed16_kon6_koff4_rewire0p1_or35p0_fr5p0_gOn0p05_gOff0p15_1781240357985,28.0,23,14,625,246,0,0,92,30.0,true,true,4,6,0.1,10,10,16
T30_ontrue_offtrue_seed16_kon6_koff4_rewire0p1_or35p0_fr5p0_gOn0p05_gOff0p15_1781240357985,29.0,15,12,628,243,0,0,102,30.0,true,true,4,6,0.1,10,10,16
T30_ontrue_offtrue_seed16_kon6_koff4_rewire0p1_or35p0_fr5p0_gOn0p05_gOff0p15_1781240357985,30.0,12,9,626,238,0,0,115,30.0,true,true,4,6,0.1,10,10,16
T30_ontrue_offtrue_seed16_kon6_koff4_rewire0p1_or35p0_fr5p0_gOn0p05_gOff0p15_1781240357985,31.0,7,9,615,234,4,2,129,30.0,true,true,4,6,0.1,10,10,16
T30_ontrue_offtrue_seed16_kon6_koff4_rewire0p1_or35p0_fr5p0_gOn0p05_gOff0p15_1781240357985,32.0,5,7,601,231,5,9,142,30.0,true,true,4,6,0.1,10,10,16
T30_ontrue_offtrue_seed16_kon6_koff4_rewire0p1_or35p0_fr5p0_gOn0p05_gOff0p15_1781240357985,33.0,4,2,595,221,8,12,158,30.0,true,true,4,6,0.1,10,10,16
T30_ontrue_offtrue_seed16_kon6_koff4_rewire0p1_or35p0_fr5p0_gOn0p05_gOff0p15_1781240357985,34.0,2,3,571,218,12,21,173,30.0,true,true,4,6,0.1,10,10,16
T30_ontrue_offtrue_seed16_kon6_koff4_rewire0p1_or35p0_fr5p0_gOn0p05_gOff0p15_1781240357985,35.0,2,2,555,216,14,26,185,30.0,true,true,4,6,0.1,10,10,16
T30_ontrue_offtrue_seed16_kon6_koff4_rewire0p1_or35p0_fr5p0_gOn0p05_gOff0p15_1781240357985,36.0,0,2,537,210,16,33,202,30.0,true,true,4,6,0.1,10,10,16
T30_ontrue_offtrue_seed16_kon6_koff4_rewire0p1_or35p0_fr5p0_gOn0p05_gOff0p15_1781240357985,37.0,0,2,513,201,20,44,220,30.0,true,true,4,6,0.1,10,10,16
T30_ontrue_offtrue_seed16_kon6_koff4_rewire0p1_or35p0_fr5p0_gOn0p05_gOff0p15_1781240357985,38.0,0,0,486,194,21,52,247,30.0,true,true,4,6,0.1,10,10,16
T30_ontrue_offtrue_seed16_kon6_koff4_rewire0p1_or35p0_fr5p0_gOn0p05_gOff0p15_1781240357985,39.0,0,0,476,188,24,60,252,30.0,true,true,4,6,0.1,10,10,16
T30_ontrue_offtrue_seed16_kon6_koff4_rewire0p1_or35p0_fr5p0_gOn0p05_gOff0p15_1781240357985,40.0,0,0,457,184,32,71,256,30.0,true,true,4,6,0.1,10,10,16
T30_ontrue_offtrue_seed16_kon6_koff4_rewire0p1_or35p0_fr5p0_gOn0p05_gOff0p15_1781240357985,41.0,0,0,435,178,36,79,272,30.0,true,true,4,6,0.1,10,10,16
T30_ontrue_offtrue_seed16_kon6_koff4_rewire0p1_or35p0_fr5p0_gOn0p05_gOff0p15_1781240357985,42.0,0,0,410,176,39,85,290,30.0,true,true,4,6,0.1,10,10,16
T30_ontrue_offtrue_seed16_kon6_koff4_rewire0p1_or35p0_fr5p0_gOn0p05_gOff0p15_1781240357985,43.0,0,0,376,170,40,96,318,30.0,true,true,4,6,0.1,10,10,16
T30_ontrue_offtrue_seed16_kon6_koff4_rewire0p1_or35p0_fr5p0_gOn0p05_gOff0p15_1781240357985,44.0,0,0,353,156,44,106,341,30.0,true,true,4,6,0.1,10,10,16
T30_ontrue_offtrue_seed16_kon6_koff4_rewire0p1_or35p0_fr5p0_gOn0p05_gOff0p15_1781240357985,45.0,0,0,336,145,47,114,358,30.0,true,true,4,6,0.1,10,10,16
T30_ontrue_offtrue_seed16_kon6_koff4_rewire0p1_or35p0_fr5p0_gOn0p05_gOff0p15_1781240357985,46.0,0,0,312,140,54,120,374,30.0,true,true,4,6,0.1,10,10,16
T30_ontrue_offtrue_seed16_kon6_koff4_rewire0p1_or35p0_fr5p0_gOn0p05_gOff0p15_1781240357985,47.0,0,0,289,132,54,126,399,30.0,true,true,4,6,0.1,10,10,16
T30_ontrue_offtrue_seed16_kon6_koff4_rewire0p1_or35p0_fr5p0_gOn0p05_gOff0p15_1781240357985,48.0,0,0,271,123,56,135,415,30.0,true,true,4,6,0.1,10,10,16
T30_ontrue_offtrue_seed16_kon6_koff4_rewire0p1_or35p0_fr5p0_gOn0p05_gOff0p15_1781240357985,49.0,0,0,248,118,59,144,431,30.0,true,true,4,6,0.1,10,10,16
T30_ontrue_offtrue_seed16_kon6_koff4_rewire0p1_or35p0_fr5p0_gOn0p05_gOff0p15_1781240357985,50.0,0,0,224,117,60,152,447,30.0,true,true,4,6,0.1,10,10,16
T30_ontrue_offtrue_seed16_kon6_koff4_rewire0p1_or35p0_fr5p0_gOn0p05_gOff0p15_1781240357985,51.0,0,0,208,113,63,159,457,30.0,true,true,4,6,0.1,10,10,16
T30_ontrue_offtrue_seed16_kon6_koff4_rewire0p1_or35p0_fr5p0_gOn0p05_gOff0p15_1781240357985,52.0,0,0,194,106,63,163,474,30.0,true,true,4,6,0.1,10,10,16
T30_ontrue_offtrue_seed16_kon6_koff4_rewire0p1_or35p0_fr5p0_gOn0p05_gOff0p15_1781240357985,53.0,0,0,181,108,64,168,479,30.0,true,true,4,6,0.1,10,10,16
T30_ontrue_offtrue_seed16_kon6_koff4_rewire0p1_or35p0_fr5p0_gOn0p05_gOff0p15_1781240357985,54.0,0,0,167,107,69,172,485,30.0,true,true,4,6,0.1,10,10,16
T30_ontrue_offtrue_seed16_kon6_koff4_rewire0p1_or35p0_fr5p0_gOn0p05_gOff0p15_1781240357985,55.0,0,0,158,103,72,175,492,30.0,true,true,4,6,0.1,10,10,16
T30_ontrue_offtrue_seed16_kon6_koff4_rewire0p1_or35p0_fr5p0_gOn0p05_gOff0p15_1781240357985,56.0,0,0,146,99,72,181,502,30.0,true,true,4,6,0.1,10,10,16
T30_ontrue_offtrue_seed16_kon6_koff4_rewire0p1_or35p0_fr5p0_gOn0p05_gOff0p15_1781240357985,57.0,0,0,133,94,73,187,513,30.0,true,true,4,6,0.1,10,10,16
T30_ontrue_offtrue_seed16_kon6_koff4_rewire0p1_or35p0_fr5p0_gOn0p05_gOff0p15_1781240357985,58.0,0,0,119,88,73,192,528,30.0,true,true,4,6,0.1,10,10,16
T30_ontrue_offtrue_seed16_kon6_koff4_rewire0p1_or35p0_fr5p0_gOn0p05_gOff0p15_1781240357985,59.0,0,0,103,82,75,200,540,30.0,true,true,4,6,0.1,10,10,16
T30_ontrue_offtrue_seed16_kon6_koff4_rewire0p1_or35p0_fr5p0_gOn0p05_gOff0p15_1781240357985,60.0,0,0,94,79,77,202,548,30.0,true,true,4,6,0.1,10,10,16
T30_ontrue_offtrue_seed16_kon6_koff4_rewire0p1_or35p0_fr5p0_gOn0p05_gOff0p15_1781240357985,61.0,0,0,85,70,80,204,561,30.0,true,true,4,6,0.1,10,10,16
T30_ontrue_offtrue_seed16_kon6_koff4_rewire0p1_or35p0_fr5p0_gOn0p05_gOff0p15_1781240357985,62.0,0,0,69,65,83,207,576,30.0,true,true,4,6,0.1,10,10,16
T30_ontrue_offtrue_seed16_kon6_koff4_rewire0p1_or35p0_fr5p0_gOn0p05_gOff0p15_1781240357985,63.0,0,0,59,64,84,210,583,30.0,true,true,4,6,0.1,10,10,16
T30_ontrue_offtrue_seed16_kon6_koff4_rewire0p1_or35p0_fr5p0_gOn0p05_gOff0p15_1781240357985,64.0,0,0,55,61,85,211,588,30.0,true,true,4,6,0.1,10,10,16
T30_ontrue_offtrue_seed16_kon6_koff4_rewire0p1_or35p0_fr5p0_gOn0p05_gOff0p15_1781240357985,65.0,0,0,50,60,86,214,590,30.0,true,true,4,6,0.1,10,10,16
T30_ontrue_offtrue_seed16_kon6_koff4_rewire0p1_or35p0_fr5p0_gOn0p05_gOff0p15_1781240357985,66.0,0,0,44,55,87,216,598,30.0,true,true,4,6,0.1,10,10,16
T30_ontrue_offtrue_seed16_kon6_koff4_rewire0p1_or35p0_fr5p0_gOn0p05_gOff0p15_1781240357985,67.0,0,0,42,52,88,216,602,30.0,true,true,4,6,0.1,10,10,16
T30_ontrue_offtrue_seed16_kon6_koff4_rewire0p1_or35p0_fr5p0_gOn0p05_gOff0p15_1781240357985,68.0,0,0,40,50,88,217,605,30.0,true,true,4,6,0.1,10,10,16
T30_ontrue_offtrue_seed16_kon6_koff4_rewire0p1_or35p0_fr5p0_gOn0p05_gOff0p15_1781240357985,69.0,0,0,38,46,89,220,607,30.0,true,true,4,6,0.1,10,10,16
T30_ontrue_offtrue_seed16_kon6_koff4_rewire0p1_or35p0_fr5p0_gOn0p05_gOff0p15_1781240357985,70.0,0,0,37,40,89,221,613,30.0,true,true,4,6,0.1,10,10,16
T30_ontrue_offtrue_seed16_kon6_koff4_rewire0p1_or35p0_fr5p0_gOn0p05_gOff0p15_1781240357985,71.0,0,0,34,40,89,224,613,30.0,true,true,4,6,0.1,10,10,16
T30_ontrue_offtrue_seed16_kon6_koff4_rewire0p1_or35p0_fr5p0_gOn0p05_gOff0p15_1781240357985,72.0,0,0,29,37,89,227,618,30.0,true,true,4,6,0.1,10,10,16
T30_ontrue_offtrue_seed16_kon6_koff4_rewire0p1_or35p0_fr5p0_gOn0p05_gOff0p15_1781240357985,73.0,0,0,27,34,90,228,621,30.0,true,true,4,6,0.1,10,10,16
T30_ontrue_offtrue_seed16_kon6_koff4_rewire0p1_or35p0_fr5p0_gOn0p05_gOff0p15_1781240357985,74.0,0,0,25,29,91,229,626,30.0,true,true,4,6,0.1,10,10,16
T30_ontrue_offtrue_seed16_kon6_koff4_rewire0p1_or35p0_fr5p0_gOn0p05_gOff0p15_1781240357985,75.0,0,0,25,30,91,229,625,30.0,true,true,4,6,0.1,10,10,16
T30_ontrue_offtrue_seed16_kon6_koff4_rewire0p1_or35p0_fr5p0_gOn0p05_gOff0p15_1781240357985,76.0,0,0,25,30,91,229,625,30.0,true,true,4,6,0.1,10,10,16
T30_ontrue_offtrue_seed16_kon6_koff4_rewire0p1_or35p0_fr5p0_gOn0p05_gOff0p15_1781240357985,77.0,0,0,23,27,91,230,629,30.0,true,true,4,6,0.1,10,10,16
T30_ontrue_offtrue_seed16_kon6_koff4_rewire0p1_or35p0_fr5p0_gOn0p05_gOff0p15_1781240357985,78.0,0,0,21,22,91,232,634,30.0,true,true,4,6,0.1,10,10,16
T30_ontrue_offtrue_seed16_kon6_koff4_rewire0p1_or35p0_fr5p0_gOn0p05_gOff0p15_1781240357985,79.0,0,0,20,20,91,233,636,30.0,true,true,4,6,0.1,10,10,16
T30_ontrue_offtrue_seed16_kon6_koff4_rewire0p1_or35p0_fr5p0_gOn0p05_gOff0p15_1781240357985,80.0,0,0,19,17,91,233,640,30.0,true,true,4,6,0.1,10,10,16
T30_ontrue_offtrue_seed16_kon6_koff4_rewire0p1_or35p0_fr5p0_gOn0p05_gOff0p15_1781240357985,81.0,0,0,19,15,91,233,642,30.0,true,true,4,6,0.1,10,10,16
T30_ontrue_offtrue_seed16_kon6_koff4_rewire0p1_or35p0_fr5p0_gOn0p05_gOff0p15_1781240357985,82.0,0,0,17,14,91,233,645,30.0,true,true,4,6,0.1,10,10,16
T30_ontrue_offtrue_seed16_kon6_koff4_rewire0p1_or35p0_fr5p0_gOn0p05_gOff0p15_1781240357985,83.0,0,0,17,13,91,234,645,30.0,true,true,4,6,0.1,10,10,16
T30_ontrue_offtrue_seed16_kon6_koff4_rewire0p1_or35p0_fr5p0_gOn0p05_gOff0p15_1781240357985,84.0,0,0,16,11,91,235,647,30.0,true,true,4,6,0.1,10,10,16
T30_ontrue_offtrue_seed16_kon6_koff4_rewire0p1_or35p0_fr5p0_gOn0p05_gOff0p15_1781240357985,85.0,0,0,16,10,91,235,648,30.0,true,true,4,6,0.1,10,10,16
T30_ontrue_offtrue_seed16_kon6_koff4_rewire0p1_or35p0_fr5p0_gOn0p05_gOff0p15_1781240357985,86.0,0,0,16,9,91,235,649,30.0,true,true,4,6,0.1,10,10,16
T30_ontrue_offtrue_seed16_kon6_koff4_rewire0p1_or35p0_fr5p0_gOn0p05_gOff0p15_1781240357985,87.0,0,0,14,8,91,235,652,30.0,true,true,4,6,0.1,10,10,16
T30_ontrue_offtrue_seed16_kon6_koff4_rewire0p1_or35p0_fr5p0_gOn0p05_gOff0p15_1781240357985,88.0,0,0,11,7,92,236,654,30.0,true,true,4,6,0.1,10,10,16
T30_ontrue_offtrue_seed16_kon6_koff4_rewire0p1_or35p0_fr5p0_gOn0p05_gOff0p15_1781240357985,89.0,0,0,10,7,92,237,654,30.0,true,true,4,6,0.1,10,10,16
T30_ontrue_offtrue_seed16_kon6_koff4_rewire0p1_or35p0_fr5p0_gOn0p05_gOff0p15_1781240357985,90.0,0,0,10,4,92,238,656,30.0,true,true,4,6,0.1,10,10,16
T30_ontrue_offtrue_seed16_kon6_koff4_rewire0p1_or35p0_fr5p0_gOn0p05_gOff0p15_1781240357985,91.0,0,0,8,4,92,239,657,30.0,true,true,4,6,0.1,10,10,16
T30_ontrue_offtrue_seed16_kon6_koff4_rewire0p1_or35p0_fr5p0_gOn0p05_gOff0p15_1781240357985,92.0,0,0,7,4,92,240,657,30.0,true,true,4,6,0.1,10,10,16
T30_ontrue_offtrue_seed16_kon6_koff4_rewire0p1_or35p0_fr5p0_gOn0p05_gOff0p15_1781240357985,93.0,0,0,7,4,92,240,657,30.0,true,true,4,6,0.1,10,10,16
T30_ontrue_offtrue_seed16_kon6_koff4_rewire0p1_or35p0_fr5p0_gOn0p05_gOff0p15_1781240357985,94.0,0,0,6,4,92,240,658,30.0,true,true,4,6,0.1,10,10,16
T30_ontrue_offtrue_seed16_kon6_koff4_rewire0p1_or35p0_fr5p0_gOn0p05_gOff0p15_1781240357985,95.0,0,0,6,4,92,240,658,30.0,true,true,4,6,0.1,10,10,16
T30_ontrue_offtrue_seed16_kon6_koff4_rewire0p1_or35p0_fr5p0_gOn0p05_gOff0p15_1781240357985,96.0,0,0,7,5,92,240,656,30.0,true,true,4,6,0.1,10,10,16
T30_ontrue_offtrue_seed16_kon6_koff4_rewire0p1_or35p0_fr5p0_gOn0p05_gOff0p15_1781240357985,97.0,0,0,7,5,92,240,656,30.0,true,true,4,6,0.1,10,10,16
T30_ontrue_offtrue_seed16_kon6_koff4_rewire0p1_or35p0_fr5p0_gOn0p05_gOff0p15_1781240357985,98.0,0,0,7,5,92,240,656,30.0,true,true,4,6,0.1,10,10,16
T30_ontrue_offtrue_seed16_kon6_koff4_rewire0p1_or35p0_fr5p0_gOn0p05_gOff0p15_1781240357985,99.0,0,0,7,5,92,240,656,30.0,true,true,4,6,0.1,10,10,16
T30_ontrue_offtrue_seed16_kon6_koff4_rewire0p1_or35p0_fr5p0_gOn0p05_gOff0p15_1781240357985,100.0,0,0,7,5,92,240,656,30.0,true,true,4,6,0.1,10,10,16
T30_ontrue_offtrue_seed16_kon6_koff4_rewire0p1_or35p0_fr5p0_gOn0p05_gOff0p15_1781240357985,101.0,0,0,7,5,92,240,656,30.0,true,true,4,6,0.1,10,10,16
T30_ontrue_offtrue_seed16_kon6_koff4_rewire0p1_or35p0_fr5p0_gOn0p05_gOff0p15_1781240357985,102.0,0,0,7,5,92,240,656,30.0,true,true,4,6,0.1,10,10,16
T30_ontrue_offtrue_seed16_kon6_koff4_rewire0p1_or35p0_fr5p0_gOn0p05_gOff0p15_1781240357985,103.0,0,0,7,5,92,240,656,30.0,true,true,4,6,0.1,10,10,16
T30_ontrue_offtrue_seed16_kon6_koff4_rewire0p1_or35p0_fr5p0_gOn0p05_gOff0p15_1781240357985,104.0,0,0,7,4,92,241,656,30.0,true,true,4,6,0.1,10,10,16
T30_ontrue_offtrue_seed16_kon6_koff4_rewire0p1_or35p0_fr5p0_gOn0p05_gOff0p15_1781240357985,105.0,0,0,7,3,92,241,657,30.0,true,true,4,6,0.1,10,10,16
T30_ontrue_offtrue_seed16_kon6_koff4_rewire0p1_or35p0_fr5p0_gOn0p05_gOff0p15_1781240357985,106.0,0,0,7,3,92,241,657,30.0,true,true,4,6,0.1,10,10,16
T30_ontrue_offtrue_seed16_kon6_koff4_rewire0p1_or35p0_fr5p0_gOn0p05_gOff0p15_1781240357985,107.0,0,0,6,2,92,242,658,30.0,true,true,4,6,0.1,10,10,16
T30_ontrue_offtrue_seed16_kon6_koff4_rewire0p1_or35p0_fr5p0_gOn0p05_gOff0p15_1781240357985,108.0,0,0,6,2,92,242,658,30.0,true,true,4,6,0.1,10,10,16
T30_ontrue_offtrue_seed16_kon6_koff4_rewire0p1_or35p0_fr5p0_gOn0p05_gOff0p15_1781240357985,109.0,0,0,4,2,92,243,659,30.0,true,true,4,6,0.1,10,10,16
T30_ontrue_offtrue_seed16_kon6_koff4_rewire0p1_or35p0_fr5p0_gOn0p05_gOff0p15_1781240357985,110.0,0,0,4,2,92,243,659,30.0,true,true,4,6,0.1,10,10,16
T30_ontrue_offtrue_seed16_kon6_koff4_rewire0p1_or35p0_fr5p0_gOn0p05_gOff0p15_1781240357985,111.0,0,0,4,2,92,243,659,30.0,true,true,4,6,0.1,10,10,16
T30_ontrue_offtrue_seed16_kon6_koff4_rewire0p1_or35p0_fr5p0_gOn0p05_gOff0p15_1781240357985,112.0,0,0,4,1,92,243,660,30.0,true,true,4,6,0.1,10,10,16
T30_ontrue_offtrue_seed16_kon6_koff4_rewire0p1_or35p0_fr5p0_gOn0p05_gOff0p15_1781240357985,113.0,0,0,4,1,92,243,660,30.0,true,true,4,6,0.1,10,10,16
T30_ontrue_offtrue_seed16_kon6_koff4_rewire0p1_or35p0_fr5p0_gOn0p05_gOff0p15_1781240357985,114.0,0,0,3,1,92,243,661,30.0,true,true,4,6,0.1,10,10,16
T30_ontrue_offtrue_seed16_kon6_koff4_rewire0p1_or35p0_fr5p0_gOn0p05_gOff0p15_1781240357985,115.0,0,0,3,1,92,243,661,30.0,true,true,4,6,0.1,10,10,16
T30_ontrue_offtrue_seed16_kon6_koff4_rewire0p1_or35p0_fr5p0_gOn0p05_gOff0p15_1781240357985,116.0,0,0,3,1,92,243,661,30.0,true,true,4,6,0.1,10,10,16
T30_ontrue_offtrue_seed16_kon6_koff4_rewire0p1_or35p0_fr5p0_gOn0p05_gOff0p15_1781240357985,117.0,0,0,2,1,92,243,662,30.0,true,true,4,6,0.1,10,10,16
T30_ontrue_offtrue_seed16_kon6_koff4_rewire0p1_or35p0_fr5p0_gOn0p05_gOff0p15_1781240357985,118.0,0,0,1,0,92,243,664,30.0,true,true,4,6,0.1,10,10,16
T30_ontrue_offtrue_seed16_kon6_koff4_rewire0p1_or35p0_fr5p0_gOn0p05_gOff0p15_1781240357985,119.0,0,0,0,0,92,243,665,30.0,true,true,4,6,0.1,10,10,16
T30_ontrue_offtrue_seed16_kon6_koff4_rewire0p1_or35p0_fr5p0_gOn0p05_gOff0p15_1781240357985,120.0,0,0,0,0,92,243,665,30.0,true,true,4,6,0.1,10,10,16
T30_ontrue_offtrue_seed16_kon6_koff4_rewire0p1_or35p0_fr5p0_gOn0p05_gOff0p15_1781240357985,121.0,0,0,0,0,92,243,665,30.0,true,true,4,6,0.1,10,10,16
T30_ontrue_offtrue_seed16_kon6_koff4_rewire0p1_or35p0_fr5p0_gOn0p05_gOff0p15_1781240357985,122.0,0,0,0,0,92,243,665,30.0,true,true,4,6,0.1,10,10,16
T30_ontrue_offtrue_seed16_kon6_koff4_rewire0p1_or35p0_fr5p0_gOn0p05_gOff0p15_1781240357985,123.0,0,0,0,0,92,243,665,30.0,true,true,4,6,0.1,10,10,16
T30_ontrue_offtrue_seed16_kon6_koff4_rewire0p1_or35p0_fr5p0_gOn0p05_gOff0p15_1781240357985,124.0,0,0,0,0,92,243,665,30.0,true,true,4,6,0.1,10,10,16
T30_ontrue_offtrue_seed16_kon6_koff4_rewire0p1_or35p0_fr5p0_gOn0p05_gOff0p15_1781240357985,125.0,0,0,0,0,92,243,665,30.0,true,true,4,6,0.1,10,10,16
T30_ontrue_offtrue_seed16_kon6_koff4_rewire0p1_or35p0_fr5p0_gOn0p05_gOff0p15_1781240357985,126.0,0,0,0,0,92,243,665,30.0,true,true,4,6,0.1,10,10,16
T30_ontrue_offtrue_seed16_kon6_koff4_rewire0p1_or35p0_fr5p0_gOn0p05_gOff0p15_1781240357985,127.0,0,0,0,0,88,241,671,30.0,true,true,4,6,0.1,10,10,16
T30_ontrue_offtrue_seed16_kon6_koff4_rewire0p1_or35p0_fr5p0_gOn0p05_gOff0p15_1781240357985,128.0,0,0,0,0,87,234,679,30.0,true,true,4,6,0.1,10,10,16
T30_ontrue_offtrue_seed16_kon6_koff4_rewire0p1_or35p0_fr5p0_gOn0p05_gOff0p15_1781240357985,129.0,0,0,0,0,84,231,685,30.0,true,true,4,6,0.1,10,10,16
T30_ontrue_offtrue_seed16_kon6_koff4_rewire0p1_or35p0_fr5p0_gOn0p05_gOff0p15_1781240357985,130.0,0,0,0,0,80,222,698,30.0,true,true,4,6,0.1,10,10,16
T30_ontrue_offtrue_seed16_kon6_koff4_rewire0p1_or35p0_fr5p0_gOn0p05_gOff0p15_1781240357985,131.0,0,0,0,0,78,217,705,30.0,true,true,4,6,0.1,10,10,16
T30_ontrue_offtrue_seed16_kon6_koff4_rewire0p1_or35p0_fr5p0_gOn0p05_gOff0p15_1781240357985,132.0,0,0,0,0,76,210,714,30.0,true,true,4,6,0.1,10,10,16
T30_ontrue_offtrue_seed16_kon6_koff4_rewire0p1_or35p0_fr5p0_gOn0p05_gOff0p15_1781240357985,133.0,0,0,0,0,72,199,729,30.0,true,true,4,6,0.1,10,10,16
T30_ontrue_offtrue_seed16_kon6_koff4_rewire0p1_or35p0_fr5p0_gOn0p05_gOff0p15_1781240357985,134.0,0,0,0,0,71,191,738,30.0,true,true,4,6,0.1,10,10,16
T30_ontrue_offtrue_seed16_kon6_koff4_rewire0p1_or35p0_fr5p0_gOn0p05_gOff0p15_1781240357985,135.0,0,0,0,0,68,183,749,30.0,true,true,4,6,0.1,10,10,16
T30_ontrue_offtrue_seed16_kon6_koff4_rewire0p1_or35p0_fr5p0_gOn0p05_gOff0p15_1781240357985,136.0,0,0,0,0,60,172,768,30.0,true,true,4,6,0.1,10,10,16
T30_ontrue_offtrue_seed16_kon6_koff4_rewire0p1_or35p0_fr5p0_gOn0p05_gOff0p15_1781240357985,137.0,0,0,0,0,56,164,780,30.0,true,true,4,6,0.1,10,10,16
T30_ontrue_offtrue_seed16_kon6_koff4_rewire0p1_or35p0_fr5p0_gOn0p05_gOff0p15_1781240357985,138.0,0,0,0,0,53,158,789,30.0,true,true,4,6,0.1,10,10,16
T30_ontrue_offtrue_seed16_kon6_koff4_rewire0p1_or35p0_fr5p0_gOn0p05_gOff0p15_1781240357985,139.0,0,0,0,0,52,147,801,30.0,true,true,4,6,0.1,10,10,16
T30_ontrue_offtrue_seed16_kon6_koff4_rewire0p1_or35p0_fr5p0_gOn0p05_gOff0p15_1781240357985,140.0,0,0,0,0,48,137,815,30.0,true,true,4,6,0.1,10,10,16
T30_ontrue_offtrue_seed16_kon6_koff4_rewire0p1_or35p0_fr5p0_gOn0p05_gOff0p15_1781240357985,141.0,0,0,0,0,45,129,826,30.0,true,true,4,6,0.1,10,10,16
T30_ontrue_offtrue_seed16_kon6_koff4_rewire0p1_or35p0_fr5p0_gOn0p05_gOff0p15_1781240357985,142.0,0,0,0,0,38,123,839,30.0,true,true,4,6,0.1,10,10,16
T30_ontrue_offtrue_seed16_kon6_koff4_rewire0p1_or35p0_fr5p0_gOn0p05_gOff0p15_1781240357985,143.0,0,0,0,0,38,117,845,30.0,true,true,4,6,0.1,10,10,16
T30_ontrue_offtrue_seed16_kon6_koff4_rewire0p1_or35p0_fr5p0_gOn0p05_gOff0p15_1781240357985,144.0,0,0,0,0,36,108,856,30.0,true,true,4,6,0.1,10,10,16
T30_ontrue_offtrue_seed16_kon6_koff4_rewire0p1_or35p0_fr5p0_gOn0p05_gOff0p15_1781240357985,145.0,0,0,0,0,33,99,868,30.0,true,true,4,6,0.1,10,10,16
T30_ontrue_offtrue_seed16_kon6_koff4_rewire0p1_or35p0_fr5p0_gOn0p05_gOff0p15_1781240357985,146.0,0,0,0,0,32,91,877,30.0,true,true,4,6,0.1,10,10,16
T30_ontrue_offtrue_seed16_kon6_koff4_rewire0p1_or35p0_fr5p0_gOn0p05_gOff0p15_1781240357985,147.0,0,0,0,0,29,84,887,30.0,true,true,4,6,0.1,10,10,16
T30_ontrue_offtrue_seed16_kon6_koff4_rewire0p1_or35p0_fr5p0_gOn0p05_gOff0p15_1781240357985,148.0,0,0,0,0,29,80,891,30.0,true,true,4,6,0.1,10,10,16
T30_ontrue_offtrue_seed16_kon6_koff4_rewire0p1_or35p0_fr5p0_gOn0p05_gOff0p15_1781240357985,149.0,0,0,0,0,28,75,897,30.0,true,true,4,6,0.1,10,10,16
T30_ontrue_offtrue_seed16_kon6_koff4_rewire0p1_or35p0_fr5p0_gOn0p05_gOff0p15_1781240357985,150.0,0,0,0,0,23,71,906,30.0,true,true,4,6,0.1,10,10,16
T30_ontrue_offtrue_seed16_kon6_koff4_rewire0p1_or35p0_fr5p0_gOn0p05_gOff0p15_1781240357985,151.0,0,0,0,0,20,68,912,30.0,true,true,4,6,0.1,10,10,16
T30_ontrue_offtrue_seed16_kon6_koff4_rewire0p1_or35p0_fr5p0_gOn0p05_gOff0p15_1781240357985,152.0,0,0,0,0,20,62,918,30.0,true,true,4,6,0.1,10,10,16
T30_ontrue_offtrue_seed16_kon6_koff4_rewire0p1_or35p0_fr5p0_gOn0p05_gOff0p15_1781240357985,153.0,0,0,0,0,19,56,925,30.0,true,true,4,6,0.1,10,10,16
T30_ontrue_offtrue_seed16_kon6_koff4_rewire0p1_or35p0_fr5p0_gOn0p05_gOff0p15_1781240357985,154.0,0,0,0,0,19,51,930,30.0,true,true,4,6,0.1,10,10,16
T30_ontrue_offtrue_seed16_kon6_koff4_rewire0p1_or35p0_fr5p0_gOn0p05_gOff0p15_1781240357985,155.0,0,0,0,0,17,43,940,30.0,true,true,4,6,0.1,10,10,16
T30_ontrue_offtrue_seed16_kon6_koff4_rewire0p1_or35p0_fr5p0_gOn0p05_gOff0p15_1781240357985,156.0,0,0,0,0,15,41,944,30.0,true,true,4,6,0.1,10,10,16
T30_ontrue_offtrue_seed16_kon6_koff4_rewire0p1_or35p0_fr5p0_gOn0p05_gOff0p15_1781240357985,157.0,0,0,0,0,12,39,949,30.0,true,true,4,6,0.1,10,10,16
T30_ontrue_offtrue_seed16_kon6_koff4_rewire0p1_or35p0_fr5p0_gOn0p05_gOff0p15_1781240357985,158.0,0,0,0,0,9,36,955,30.0,true,true,4,6,0.1,10,10,16
T30_ontrue_offtrue_seed16_kon6_koff4_rewire0p1_or35p0_fr5p0_gOn0p05_gOff0p15_1781240357985,159.0,0,0,0,0,8,33,959,30.0,true,true,4,6,0.1,10,10,16
T30_ontrue_offtrue_seed16_kon6_koff4_rewire0p1_or35p0_fr5p0_gOn0p05_gOff0p15_1781240357985,160.0,0,0,0,0,7,32,961,30.0,true,true,4,6,0.1,10,10,16
T30_ontrue_offtrue_seed16_kon6_koff4_rewire0p1_or35p0_fr5p0_gOn0p05_gOff0p15_1781240357985,161.0,0,0,0,0,6,29,965,30.0,true,true,4,6,0.1,10,10,16
T30_ontrue_offtrue_seed16_kon6_koff4_rewire0p1_or35p0_fr5p0_gOn0p05_gOff0p15_1781240357985,162.0,0,0,0,0,5,27,968,30.0,true,true,4,6,0.1,10,10,16
T30_ontrue_offtrue_seed16_kon6_koff4_rewire0p1_or35p0_fr5p0_gOn0p05_gOff0p15_1781240357985,163.0,0,0,0,0,4,27,969,30.0,true,true,4,6,0.1,10,10,16
T30_ontrue_offtrue_seed16_kon6_koff4_rewire0p1_or35p0_fr5p0_gOn0p05_gOff0p15_1781240357985,164.0,0,0,0,0,4,26,970,30.0,true,true,4,6,0.1,10,10,16
T30_ontrue_offtrue_seed16_kon6_koff4_rewire0p1_or35p0_fr5p0_gOn0p05_gOff0p15_1781240357985,165.0,0,0,0,0,3,23,974,30.0,true,true,4,6,0.1,10,10,16
T30_ontrue_offtrue_seed16_kon6_koff4_rewire0p1_or35p0_fr5p0_gOn0p05_gOff0p15_1781240357985,166.0,0,0,0,0,3,22,975,30.0,true,true,4,6,0.1,10,10,16
T30_ontrue_offtrue_seed16_kon6_koff4_rewire0p1_or35p0_fr5p0_gOn0p05_gOff0p15_1781240357985,167.0,1,0,0,0,3,19,977,30.0,true,true,4,6,0.1,10,10,16
T30_ontrue_offtrue_seed16_kon6_koff4_rewire0p1_or35p0_fr5p0_gOn0p05_gOff0p15_1781240357985,168.0,1,0,0,0,3,16,980,30.0,true,true,4,6,0.1,10,10,16
T30_ontrue_offtrue_seed16_kon6_koff4_rewire0p1_or35p0_fr5p0_gOn0p05_gOff0p15_1781240357985,169.0,1,0,0,0,2,15,982,30.0,true,true,4,6,0.1,10,10,16
T30_ontrue_offtrue_seed16_kon6_koff4_rewire0p1_or35p0_fr5p0_gOn0p05_gOff0p15_1781240357985,170.0,1,0,0,0,1,14,984,30.0,true,true,4,6,0.1,10,10,16
T30_ontrue_offtrue_seed16_kon6_koff4_rewire0p1_or35p0_fr5p0_gOn0p05_gOff0p15_1781240357985,171.0,2,0,0,0,1,14,983,30.0,true,true,4,6,0.1,10,10,16
T30_ontrue_offtrue_seed16_kon6_koff4_rewire0p1_or35p0_fr5p0_gOn0p05_gOff0p15_1781240357985,172.0,2,0,0,0,1,14,983,30.0,true,true,4,6,0.1,10,10,16
T30_ontrue_offtrue_seed16_kon6_koff4_rewire0p1_or35p0_fr5p0_gOn0p05_gOff0p15_1781240357985,173.0,2,0,0,0,1,13,984,30.0,true,true,4,6,0.1,10,10,16
T30_ontrue_offtrue_seed16_kon6_koff4_rewire0p1_or35p0_fr5p0_gOn0p05_gOff0p15_1781240357985,174.0,2,0,0,0,1,11,986,30.0,true,true,4,6,0.1,10,10,16
T30_ontrue_offtrue_seed16_kon6_koff4_rewire0p1_or35p0_fr5p0_gOn0p05_gOff0p15_1781240357985,175.0,6,0,0,0,1,10,983,30.0,true,true,4,6,0.1,10,10,16
T30_ontrue_offtrue_seed16_kon6_koff4_rewire0p1_or35p0_fr5p0_gOn0p05_gOff0p15_1781240357985,176.0,6,0,0,0,1,10,983,30.0,true,true,4,6,0.1,10,10,16
T30_ontrue_offtrue_seed16_kon6_koff4_rewire0p1_or35p0_fr5p0_gOn0p05_gOff0p15_1781240357985,177.0,6,0,0,0,1,10,983,30.0,true,true,4,6,0.1,10,10,16
T30_ontrue_offtrue_seed16_kon6_koff4_rewire0p1_or35p0_fr5p0_gOn0p05_gOff0p15_1781240357985,178.0,7,0,0,0,1,10,982,30.0,true,true,4,6,0.1,10,10,16
T30_ontrue_offtrue_seed16_kon6_koff4_rewire0p1_or35p0_fr5p0_gOn0p05_gOff0p15_1781240357985,179.0,8,0,0,0,1,9,982,30.0,true,true,4,6,0.1,10,10,16
T30_ontrue_offtrue_seed16_kon6_koff4_rewire0p1_or35p0_fr5p0_gOn0p05_gOff0p15_1781240357985,180.0,9,0,0,0,1,8,982,30.0,true,true,4,6,0.1,10,10,16
